<application>
  <component name="VimSettings">
    <state version="4" enabled="true" />
    <globalmarks />
    <filemarks>
      <file name="$USER_HOME$/git/automate/backend-ui/src/client/public/index.html" timestamp="1545144881596">
        <mark key="[" line="33" column="6" />
        <mark key="]" line="35" column="3" />
        <mark key="^" line="35" column="3" />
        <mark key="." line="35" column="3" />
      </file>
      <file name="$USER_HOME$/git/automate/backend-ui/src/client/src/elements/general/left/tree.html" timestamp="1545145003699">
        <mark key="'" line="101" column="27" />
        <mark key="[" line="154" column="26" />
        <mark key="]" line="158" column="17" />
        <mark key="." line="158" column="17" />
        <mark key="^" line="158" column="17" />
      </file>
      <file name="$USER_HOME$/git/automate/backend-ui/src/service/src/commands/tree.rs" timestamp="1545125582216">
        <mark key="'" line="42" column="18" />
        <mark key="[" line="61" column="19" />
        <mark key="]" line="61" column="21" />
        <mark key="." line="61" column="21" />
        <mark key="^" line="61" column="21" />
      </file>
      <file name="$USER_HOME$/git/automate/backend-ui/src/client/src/components/context_menu/context_menu.html" timestamp="1544975528725">
        <mark key="'" line="13" column="2" />
      </file>
      <file name="$USER_HOME$/git/fs_extra/src/file.rs" timestamp="1545060662779">
        <mark key="'" line="531" column="16" />
        <mark key="[" line="569" column="54" />
        <mark key="]" line="569" column="77" />
        <mark key="." line="569" column="77" />
        <mark key="^" line="569" column="77" />
      </file>
      <file name="$USER_HOME$/git/automate/backend-ui/src/client/src/services/general.js" timestamp="1545145983904">
        <mark key="'" line="40" column="24" />
        <mark key="[" line="49" column="33" />
        <mark key="]" line="49" column="38" />
        <mark key="." line="49" column="38" />
        <mark key="^" line="49" column="38" />
      </file>
      <file name="$USER_HOME$/git/automate/backend-ui/src/file_format/src/files/snapshot.rs" timestamp="1545081976477">
        <mark key="'" line="172" column="33" />
        <mark key="[" line="173" column="0" />
        <mark key="]" line="173" column="0" />
        <mark key="^" line="17" column="7" />
        <mark key="." line="173" column="0" />
      </file>
      <file name="$USER_HOME$/git/automate/backend-ui/src/service/src/commands/project.rs" timestamp="1545080403942">
        <mark key="'" line="11" column="52" />
        <mark key="[" line="21" column="0" />
        <mark key="]" line="21" column="7" />
        <mark key="^" line="21" column="7" />
        <mark key="." line="21" column="7" />
      </file>
      <file name="$USER_HOME$/git/automate/backend-ui/src/service/src/helpers.rs" timestamp="1545080460756">
        <mark key="'" line="15" column="17" />
        <mark key="[" line="9" column="0" />
        <mark key="]" line="9" column="0" />
        <mark key="." line="9" column="0" />
      </file>
      <file name="$USER_HOME$/git/automate/backend-ui/src/client/src/elements/general/left/left.html" timestamp="1545142011600">
        <mark key="'" line="3" column="29" />
      </file>
      <file name="$USER_HOME$/git/automate/backend-ui/src/client/main.js" timestamp="1545079782768">
        <mark key="'" line="22" column="22" />
      </file>
      <file name="$USER_HOME$/.rustup/toolchains/stable-x86_64-unknown-linux-gnu/lib/rustlib/src/rust/src/liballoc/string.rs" timestamp="1544984476893">
        <mark key="'" line="293" column="11" />
        <mark key="[" line="293" column="19" />
        <mark key="]" line="2189" column="20" />
        <mark key="." line="2189" column="20" />
        <mark key="^" line="2189" column="20" />
      </file>
      <file name="$USER_HOME$/git/automate/backend-ui/src/client/src/elements/menu/menu.html" timestamp="1544992981900">
        <mark key="'" line="69" column="30" />
        <mark key="[" line="64" column="34" />
        <mark key="]" line="64" column="33" />
        <mark key="." line="64" column="33" />
        <mark key="^" line="64" column="33" />
      </file>
      <file name="$USER_HOME$/git/automate/backend-ui/src/service/src/main.rs" timestamp="1545128339867">
        <mark key="u" line="342" column="16" />
        <mark key="'" line="83" column="36" />
        <mark key="i" line="342" column="16" />
        <mark key="[" line="496" column="25" />
        <mark key="]" line="496" column="30" />
        <mark key="." line="496" column="30" />
        <mark key="^" line="496" column="30" />
      </file>
      <file name="/Dummy.txt" timestamp="1545135488855">
        <mark key="[" line="0" column="0" />
        <mark key="]" line="0" column="0" />
        <mark key="." line="0" column="0" />
      </file>
      <file name="$USER_HOME$/git/automate/backend-ui/src/file_format/src/items/tree.rs" timestamp="1545082445901">
        <mark key="'" line="398" column="34" />
        <mark key="[" line="398" column="37" />
        <mark key="]" line="398" column="37" />
        <mark key="." line="398" column="37" />
        <mark key="^" line="398" column="37" />
      </file>
      <file name="$USER_HOME$/git/automate/backend-ui/src/file_format/src/file.rs" timestamp="1544985803473">
        <mark key="'" line="139" column="20" />
        <mark key="[" line="17" column="0" />
        <mark key="]" line="17" column="0" />
        <mark key="." line="17" column="0" />
      </file>
      <file name="$USER_HOME$/git/automate/backend-ui/src/client/src/components/tree/item.html" timestamp="1545145104038">
        <mark key="'" line="33" column="0" />
        <mark key="[" line="124" column="14" />
        <mark key="]" line="124" column="19" />
        <mark key="." line="124" column="19" />
        <mark key="^" line="124" column="19" />
      </file>
      <file name="$USER_HOME$/git/automate/backend-ui/src/client/src/elements/general/content/content.html" timestamp="1545129634196">
        <mark key="'" line="8" column="25" />
        <mark key="[" line="5" column="11" />
        <mark key="]" line="5" column="13" />
        <mark key="^" line="5" column="13" />
        <mark key="." line="5" column="13" />
      </file>
      <file name="$USER_HOME$/git/automate/backend-ui/src/client/src/elements/general/content/tabs.html" timestamp="1545155797761">
        <mark key="'" line="97" column="8" />
        <mark key="[" line="69" column="17" />
        <mark key="]" line="69" column="14" />
        <mark key="^" line="69" column="14" />
        <mark key="." line="69" column="14" />
      </file>
      <file name="$USER_HOME$/git/automate/backend-ui/src/client/src/components/tabs/tabs.html" timestamp="1545155547227">
        <mark key="'" line="37" column="0" />
        <mark key="[" line="54" column="0" />
        <mark key="]" line="54" column="0" />
        <mark key="." line="54" column="0" />
      </file>
      <file name="$USER_HOME$/git/automate/backend-ui/src/file_format/src/data_location.rs" timestamp="1543362286590">
        <mark key="'" line="29" column="19" />
        <mark key="[" line="41" column="9" />
        <mark key="]" line="41" column="9" />
        <mark key="." line="41" column="9" />
        <mark key="^" line="41" column="9" />
      </file>
      <file name="$USER_HOME$/git/fs_extra/tests/file.rs" timestamp="1545059946862">
        <mark key="'" line="1227" column="26" />
      </file>
      <file name="$USER_HOME$/git/automate/backend-ui/src/client/src/components/tree/tree.html" timestamp="1545143889432">
        <mark key="'" line="9" column="29" />
        <mark key="[" line="18" column="16" />
        <mark key="]" line="18" column="18" />
        <mark key="." line="18" column="18" />
        <mark key="^" line="18" column="18" />
      </file>
    </filemarks>
    <jumps>
      <jump line="64" column="0" filename="$USER_HOME$/git/automate/backend-ui/src/service/src/main.rs" />
      <jump line="398" column="34" filename="$USER_HOME$/git/automate/backend-ui/src/file_format/src/items/tree.rs" />
      <jump line="202" column="10" filename="$USER_HOME$/git/automate/backend-ui/src/service/src/main.rs" />
      <jump line="204" column="10" filename="$USER_HOME$/git/automate/backend-ui/src/service/src/main.rs" />
      <jump line="323" column="20" filename="$USER_HOME$/git/automate/backend-ui/src/service/src/main.rs" />
      <jump line="346" column="20" filename="$USER_HOME$/git/automate/backend-ui/src/service/src/main.rs" />
      <jump line="355" column="43" filename="$USER_HOME$/git/automate/backend-ui/src/service/src/main.rs" />
      <jump line="342" column="20" filename="$USER_HOME$/git/automate/backend-ui/src/service/src/main.rs" />
      <jump line="75" column="10" filename="$USER_HOME$/git/automate/backend-ui/src/service/src/main.rs" />
      <jump line="356" column="68" filename="$USER_HOME$/git/automate/backend-ui/src/service/src/main.rs" />
      <jump line="358" column="30" filename="$USER_HOME$/git/automate/backend-ui/src/service/src/main.rs" />
      <jump line="325" column="16" filename="$USER_HOME$/git/automate/backend-ui/src/service/src/main.rs" />
      <jump line="301" column="44" filename="$USER_HOME$/git/automate/backend-ui/src/service/src/main.rs" />
      <jump line="42" column="18" filename="$USER_HOME$/git/automate/backend-ui/src/service/src/commands/tree.rs" />
      <jump line="304" column="17" filename="$USER_HOME$/git/automate/backend-ui/src/service/src/main.rs" />
      <jump line="549" column="51" filename="$USER_HOME$/git/automate/backend-ui/src/service/src/main.rs" />
      <jump line="496" column="18" filename="$USER_HOME$/git/automate/backend-ui/src/service/src/main.rs" />
      <jump line="552" column="12" filename="$USER_HOME$/git/automate/backend-ui/src/service/src/main.rs" />
      <jump line="16" column="0" filename="$USER_HOME$/git/automate/backend-ui/src/client/src/elements/general/left/tree.html" />
      <jump line="529" column="9" filename="$USER_HOME$/git/automate/backend-ui/src/service/src/main.rs" />
      <jump line="83" column="36" filename="$USER_HOME$/git/automate/backend-ui/src/service/src/main.rs" />
      <jump line="117" column="17" filename="$USER_HOME$/git/automate/backend-ui/src/client/src/elements/general/content/tabs.html" />
      <jump line="8" column="25" filename="$USER_HOME$/git/automate/backend-ui/src/client/src/elements/general/content/content.html" />
      <jump line="103" column="29" filename="$USER_HOME$/git/automate/backend-ui/src/client/src/elements/general/content/tabs.html" />
      <jump line="1" column="0" filename="$USER_HOME$/git/automate/backend-ui/src/client/src/components/tabs/tabs.html" />
      <jump line="67" column="12" filename="$USER_HOME$/git/automate/backend-ui/src/client/src/elements/general/content/tabs.html" />
      <jump line="48" column="25" filename="$USER_HOME$/git/automate/backend-ui/src/client/src/components/tabs/tabs.html" />
      <jump line="36" column="26" filename="$USER_HOME$/git/automate/backend-ui/src/client/src/components/tabs/tabs.html" />
      <jump line="102" column="0" filename="$USER_HOME$/git/automate/backend-ui/src/client/src/elements/general/left/tree.html" />
      <jump line="105" column="27" filename="$USER_HOME$/git/automate/backend-ui/src/client/src/elements/general/content/tabs.html" />
      <jump line="99" column="0" filename="$USER_HOME$/git/automate/backend-ui/src/client/src/elements/general/content/tabs.html" />
      <jump line="10" column="0" filename="$USER_HOME$/git/automate/backend-ui/src/client/src/elements/general/content/tabs.html" />
      <jump line="4" column="0" filename="$USER_HOME$/git/automate/backend-ui/src/client/src/elements/general/content/tabs.html" />
      <jump line="138" column="0" filename="$USER_HOME$/git/automate/backend-ui/src/client/src/elements/general/content/tabs.html" />
      <jump line="125" column="0" filename="$USER_HOME$/git/automate/backend-ui/src/client/src/elements/general/content/tabs.html" />
      <jump line="42" column="0" filename="$USER_HOME$/git/automate/backend-ui/src/client/src/elements/general/content/tabs.html" />
      <jump line="132" column="0" filename="$USER_HOME$/git/automate/backend-ui/src/client/src/elements/general/content/tabs.html" />
      <jump line="28" column="17" filename="$USER_HOME$/git/automate/backend-ui/src/client/src/components/tabs/tabs.html" />
      <jump line="108" column="36" filename="$USER_HOME$/git/automate/backend-ui/src/client/src/elements/general/left/tree.html" />
      <jump line="55" column="0" filename="$USER_HOME$/git/automate/backend-ui/src/client/src/elements/general/left/tree.html" />
      <jump line="40" column="0" filename="$USER_HOME$/git/automate/backend-ui/src/client/src/elements/general/left/tree.html" />
      <jump line="66" column="50" filename="$USER_HOME$/git/automate/backend-ui/src/client/src/elements/general/left/tree.html" />
      <jump line="2" column="2" filename="$USER_HOME$/git/automate/backend-ui/src/client/src/components/tree/tree.html" />
      <jump line="5" column="29" filename="$USER_HOME$/git/automate/backend-ui/src/client/src/components/tree/tree.html" />
      <jump line="99" column="6" filename="$USER_HOME$/git/automate/backend-ui/src/client/src/components/tree/item.html" />
      <jump line="120" column="6" filename="$USER_HOME$/git/automate/backend-ui/src/client/src/components/tree/item.html" />
      <jump line="26" column="18" filename="$USER_HOME$/git/automate/backend-ui/src/client/src/components/tree/item.html" />
      <jump line="34" column="18" filename="$USER_HOME$/git/automate/backend-ui/src/client/src/components/tree/item.html" />
      <jump line="122" column="9" filename="$USER_HOME$/git/automate/backend-ui/src/client/src/components/tree/item.html" />
      <jump line="41" column="19" filename="$USER_HOME$/git/automate/backend-ui/src/client/src/components/tree/item.html" />
      <jump line="42" column="0" filename="$USER_HOME$/git/automate/backend-ui/src/client/src/components/tree/item.html" />
      <jump line="123" column="14" filename="$USER_HOME$/git/automate/backend-ui/src/client/src/components/tree/item.html" />
      <jump line="6" column="29" filename="$USER_HOME$/git/automate/backend-ui/src/client/src/components/tree/tree.html" />
      <jump line="186" column="0" filename="$USER_HOME$/git/automate/backend-ui/src/client/src/elements/general/left/tree.html" />
      <jump line="79" column="0" filename="$USER_HOME$/git/automate/backend-ui/src/client/src/elements/general/left/tree.html" />
      <jump line="8" column="16" filename="$USER_HOME$/git/automate/backend-ui/src/client/src/elements/general/left/tree.html" />
      <jump line="68" column="11" filename="$USER_HOME$/git/automate/backend-ui/src/client/src/elements/general/left/tree.html" />
      <jump line="17" column="0" filename="$USER_HOME$/git/automate/backend-ui/src/client/src/elements/general/left/tree.html" />
      <jump line="118" column="0" filename="$USER_HOME$/git/automate/backend-ui/src/client/src/elements/general/left/tree.html" />
      <jump line="203" column="0" filename="$USER_HOME$/git/automate/backend-ui/src/client/src/elements/general/left/tree.html" />
      <jump line="1" column="16" filename="$USER_HOME$/git/automate/backend-ui/src/client/src/elements/general/left/tree.html" />
      <jump line="191" column="16" filename="$USER_HOME$/git/automate/backend-ui/src/client/src/elements/general/left/tree.html" />
      <jump line="5" column="0" filename="$USER_HOME$/git/automate/backend-ui/src/client/src/elements/general/left/tree.html" />
      <jump line="3" column="29" filename="$USER_HOME$/git/automate/backend-ui/src/client/src/elements/general/left/left.html" />
      <jump line="110" column="12" filename="$USER_HOME$/git/automate/backend-ui/src/client/src/components/tree/item.html" />
      <jump line="130" column="12" filename="$USER_HOME$/git/automate/backend-ui/src/client/src/elements/general/left/tree.html" />
      <jump line="99" column="0" filename="$USER_HOME$/git/automate/backend-ui/src/client/src/elements/general/left/tree.html" />
      <jump line="161" column="17" filename="$USER_HOME$/git/automate/backend-ui/src/client/src/elements/general/left/tree.html" />
      <jump line="77" column="9" filename="$USER_HOME$/git/automate/backend-ui/src/client/src/components/tree/item.html" />
      <jump line="90" column="13" filename="$USER_HOME$/git/automate/backend-ui/src/client/src/components/tree/item.html" />
      <jump line="124" column="14" filename="$USER_HOME$/git/automate/backend-ui/src/client/src/components/tree/item.html" />
      <jump line="80" column="7" filename="$USER_HOME$/git/automate/backend-ui/src/client/src/components/tree/item.html" />
      <jump line="14" column="28" filename="$USER_HOME$/git/automate/backend-ui/src/client/src/components/tree/tree.html" />
      <jump line="11" column="27" filename="$USER_HOME$/git/automate/backend-ui/src/client/src/components/tree/tree.html" />
      <jump line="16" column="28" filename="$USER_HOME$/git/automate/backend-ui/src/client/src/components/tree/tree.html" />
      <jump line="18" column="29" filename="$USER_HOME$/git/automate/backend-ui/src/client/src/components/tree/tree.html" />
      <jump line="9" column="29" filename="$USER_HOME$/git/automate/backend-ui/src/client/src/components/tree/tree.html" />
      <jump line="29" column="8" filename="$USER_HOME$/git/automate/backend-ui/src/client/src/elements/general/content/tabs.html" />
      <jump line="53" column="42" filename="$USER_HOME$/git/automate/backend-ui/src/client/src/elements/general/content/tabs.html" />
      <jump line="22" column="0" filename="$USER_HOME$/git/automate/backend-ui/src/client/src/elements/general/content/tabs.html" />
      <jump line="25" column="17" filename="$USER_HOME$/git/automate/backend-ui/src/client/src/components/tree/item.html" />
      <jump line="118" column="19" filename="$USER_HOME$/git/automate/backend-ui/src/client/src/components/tree/item.html" />
      <jump line="27" column="33" filename="$USER_HOME$/git/automate/backend-ui/src/client/src/components/tree/item.html" />
      <jump line="33" column="0" filename="$USER_HOME$/git/automate/backend-ui/src/client/src/components/tree/item.html" />
      <jump line="52" column="42" filename="$USER_HOME$/git/automate/backend-ui/src/client/src/elements/general/content/tabs.html" />
      <jump line="7" column="16" filename="$USER_HOME$/git/automate/backend-ui/src/client/src/services/general.js" />
      <jump line="101" column="27" filename="$USER_HOME$/git/automate/backend-ui/src/client/src/elements/general/left/tree.html" />
      <jump line="51" column="16" filename="$USER_HOME$/git/automate/backend-ui/src/client/src/elements/general/content/tabs.html" />
      <jump line="21" column="15" filename="$USER_HOME$/git/automate/backend-ui/src/client/src/elements/general/content/tabs.html" />
      <jump line="56" column="27" filename="$USER_HOME$/git/automate/backend-ui/src/client/src/elements/general/content/tabs.html" />
      <jump line="11" column="12" filename="$USER_HOME$/git/automate/backend-ui/src/client/src/elements/general/content/tabs.html" />
      <jump line="57" column="26" filename="$USER_HOME$/git/automate/backend-ui/src/client/src/elements/general/content/tabs.html" />
      <jump line="12" column="0" filename="$USER_HOME$/git/automate/backend-ui/src/client/src/elements/general/content/tabs.html" />
      <jump line="40" column="24" filename="$USER_HOME$/git/automate/backend-ui/src/client/src/services/general.js" />
      <jump line="54" column="22" filename="$USER_HOME$/git/automate/backend-ui/src/client/src/elements/general/content/tabs.html" />
      <jump line="8" column="0" filename="$USER_HOME$/git/automate/backend-ui/src/client/src/elements/general/content/tabs.html" />
      <jump line="18" column="7" filename="$USER_HOME$/git/automate/backend-ui/src/client/src/components/tabs/tabs.html" />
      <jump line="37" column="0" filename="$USER_HOME$/git/automate/backend-ui/src/client/src/components/tabs/tabs.html" />
      <jump line="47" column="20" filename="$USER_HOME$/git/automate/backend-ui/src/client/src/elements/general/content/tabs.html" />
      <jump line="90" column="8" filename="$USER_HOME$/git/automate/backend-ui/src/client/src/elements/general/content/tabs.html" />
    </jumps>
    <registers>
      <register name="&quot;" type="4">
        <text>o</text>
      </register>
      <register name="j" type="4">
        <keys>
          <key char="107" code="0" mods="0" />
          <key char="107" code="0" mods="0" />
          <key char="107" code="0" mods="0" />
          <key char="106" code="0" mods="0" />
          <key char="106" code="0" mods="0" />
          <key char="106" code="0" mods="0" />
          <key char="65535" code="27" mods="0" />
        </keys>
      </register>
      <register name="+" type="4">
        <text>&quot;&quot;</text>
      </register>
      <register name="-" type="4">
        <text>self</text>
      </register>
      <register name="/" type="4">
        <text encoding="base64">XDxfbG9hZFw+</text>
      </register>
      <register name="0" type="4">
        <text>height</text>
      </register>
      <register name="1" type="2">
        <text encoding="base64">ICAgICAgICAgICAgdGhpcy5yZWZzLnRhYnMuc2VsZWN0KDApOwo=</text>
      </register>
      <register name="2" type="2">
        <text encoding="base64">CiAgICAgICAgY29uc29sZS5sb2codGhpcy5nZXQoKSkK</text>
      </register>
      <register name="3" type="2">
        <text encoding="base64">Cg==</text>
      </register>
      <register name="4" type="2">
        <text encoding="base64">ICAgICAgICAgIHJldHVybjsK</text>
      </register>
      <register name="5" type="2">
        <text encoding="base64">Cg==</text>
      </register>
      <register name="6" type="2">
        <text encoding="base64">ICAgICAgICAgICAgY29uc29sZS5sb2codGhpcy5nZXQoKSk7Cg==</text>
      </register>
      <register name="7" type="2">
        <text encoding="base64">Cg==</text>
      </register>
      <register name="8" type="2">
        <text encoding="base64">ICAgICAgY29uc29sZS5sb2codGhpcy5nZXQoKSk7Cg==</text>
      </register>
      <register name="9" type="2">
        <text encoding="base64">ICAgICAgICAgICAgdGhpcy5jbwo=</text>
      </register>
      <register name=":" type="4">
        <text>action GotoFile</text>
      </register>
    </registers>
    <search>
      <last-search encoding="base64">XDxfbG9hZFw+</last-search>
      <last-offset />
      <last-pattern encoding="base64">XDxfbG9hZFw+</last-pattern>
      <last-dir>1</last-dir>
      <show-last>false</show-last>
    </search>
    <history>
      <history-search>
        <entry encoding="base64">XDxzdGF0ZVw+</entry>
        <entry>self</entry>
        <entry>test</entry>
        <entry encoding="base64">XDxjbGFzc1w+</entry>
        <entry encoding="base64">XDxzdGFibGVcPg==</entry>
        <entry>todo</entry>
        <entry>TODO</entry>
        <entry encoding="base64">XDxleHBlY3RlZF91aV9jbWRcPg==</entry>
        <entry encoding="base64">XDxlbGVtZW50XD4=</entry>
        <entry encoding="base64">XDxqc29uXD4=</entry>
        <entry>db</entry>
        <entry encoding="base64">XDxUcmVlXD4=</entry>
        <entry encoding="base64">XDxjb2xsYXBzZWRcPg==</entry>
        <entry encoding="base64">XDxvcGVuXD4=</entry>
        <entry>node</entry>
        <entry>general</entry>
        <entry encoding="base64">XDxmaXJlXD4=</entry>
        <entry encoding="base64">XDx0ZW1wX2RhdGFcPg==</entry>
        <entry>empty</entry>
        <entry encoding="base64">XDxfbG9hZFw+</entry>
      </history-search>
      <history-cmd>
        <entry>BW</entry>
        <entry>action QuickFixes</entry>
        <entry>actionlist</entry>
        <entry>action ActivateProjectToolWindow</entry>
        <entry>action CommentGroup</entry>
        <entry>source ~/.ideavimrc</entry>
        <entry>close</entry>
        <entry>sp</entry>
        <entry>action QuickJavaDoc</entry>
        <entry>vsp</entry>
        <entry>action AceAction</entry>
        <entry>q</entry>
        <entry>action Forward</entry>
        <entry>action ShowIntentionActions</entry>
        <entry>action Back</entry>
        <entry>action FileStructurePopup</entry>
        <entry>action SelectInProjectView</entry>
        <entry>action CommentByLineComment</entry>
        <entry>action ReformatCode</entry>
        <entry>action GotoFile</entry>
      </history-cmd>
      <history-expr />
      <history-input />
    </history>
    <shortcut-conflicts>
      <shortcut-conflict owner="vim">
        <text>ctrl pressed P</text>
      </shortcut-conflict>
      <shortcut-conflict owner="vim">
        <text>ctrl pressed S</text>
      </shortcut-conflict>
      <shortcut-conflict owner="vim">
        <text>ctrl pressed F</text>
      </shortcut-conflict>
      <shortcut-conflict owner="ide">
        <text>ctrl pressed C</text>
      </shortcut-conflict>
      <shortcut-conflict owner="vim">
        <text>ctrl pressed W</text>
      </shortcut-conflict>
      <shortcut-conflict owner="vim">
        <text>ctrl pressed 2</text>
      </shortcut-conflict>
      <shortcut-conflict owner="vim">
        <text>ctrl pressed O</text>
      </shortcut-conflict>
      <shortcut-conflict owner="vim">
        <text>ctrl pressed I</text>
      </shortcut-conflict>
      <shortcut-conflict owner="vim">
        <text>ctrl pressed A</text>
      </shortcut-conflict>
      <shortcut-conflict owner="ide">
        <text>ctrl pressed V</text>
      </shortcut-conflict>
      <shortcut-conflict owner="ide">
        <text>ctrl pressed X</text>
      </shortcut-conflict>
      <shortcut-conflict owner="vim">
        <text>ctrl pressed Y</text>
      </shortcut-conflict>
      <shortcut-conflict owner="vim">
        <text>ctrl pressed H</text>
      </shortcut-conflict>
      <shortcut-conflict owner="vim">
        <text>ctrl pressed T</text>
      </shortcut-conflict>
      <shortcut-conflict owner="vim">
        <text>ctrl pressed B</text>
      </shortcut-conflict>
      <shortcut-conflict owner="vim">
        <text>ctrl pressed N</text>
      </shortcut-conflict>
      <shortcut-conflict owner="vim">
        <text>ctrl pressed M</text>
      </shortcut-conflict>
      <shortcut-conflict owner="vim">
        <text>ctrl pressed E</text>
      </shortcut-conflict>
      <shortcut-conflict owner="vim">
        <text>ctrl pressed U</text>
      </shortcut-conflict>
      <shortcut-conflict owner="vim">
        <text>shift pressed TAB</text>
      </shortcut-conflict>
      <shortcut-conflict owner="vim">
        <text>ctrl pressed D</text>
      </shortcut-conflict>
      <shortcut-conflict owner="vim">
        <text>ctrl pressed G</text>
      </shortcut-conflict>
      <shortcut-conflict owner="vim">
        <text>ctrl pressed PERIOD</text>
      </shortcut-conflict>
    </shortcut-conflicts>
  </component>
</application>